claim_id,date_key,region_key,product_key,claim_type_key,claim_amount,settlement_days,sla_breached,handler_id,fraud_reported
521585,20150125,R07,P01,CT01,71610,6,0,H033,Y
342868,20150121,R04,P02,CT03,5070,40,1,H011,Y
687698,20150222,R11,P01,CT02,34650,45,1,H001,N
227811,20150110,R08,P01,CT01,63400,14,0,H010,Y
367455,20150217,R05,P02,CT03,6500,45,1,H019,N
104594,20150102,R07,P01,CT02,64100,23,0,H029,Y
413978,20150113,R10,P01,CT02,78650,9,0,H018,N
429027,20150227,R03,P01,CT02,51590,10,0,H015,N
485665,20150130,R07,P01,CT01,27700,57,1,H041,N
636550,20150105,R11,P01,CT01,42300,6,0,H047,N
543610,20150106,R11,P01,CT01,87010,28,0,H038,N
214618,20150215,R08,P01,CT02,114920,40,1,H049,N
842643,20150122,R05,P01,CT01,56520,60,1,H026,N
626808,20150108,R04,P03,CT04,7280,54,1,H010,N
644081,20150115,R08,P01,CT01,46200,6,0,H030,Y
892874,20150129,R08,P01,CT02,63120,53,1,H038,Y
558938,20150222,R03,P01,CT02,52110,34,1,H028,N
275265,20150106,R06,P01,CT01,77880,43,1,H030,N
921202,20150119,R05,P01,CT01,72930,48,1,H007,N
143972,20150222,R02,P01,CT02,60400,57,1,H018,N
183430,20150101,R08,P01,CT02,47160,28,0,H027,N
431876,20150210,R12,P01,CT02,37840,7,0,H008,N
285496,20150111,R06,P01,CT02,71520,5,0,H039,Y
115399,20150119,R02,P01,CT01,98160,17,0,H041,Y
736882,20150224,R12,P01,CT01,77880,45,1,H025,N
699044,20150109,R05,P01,CT02,71500,13,0,H048,Y
863236,20150128,R01,P03,CT04,9020,25,0,H031,N
608513,20150107,R12,P02,CT03,5720,44,1,H007,Y
914088,20150108,R10,P01,CT01,69840,20,0,H013,N
596785,20150215,R06,P01,CT01,91650,52,1,H043,N
908616,20150118,R12,P01,CT02,75600,32,1,H008,N
666333,20150228,R09,P01,CT02,67140,42,1,H014,Y
336614,20150224,R01,P01,CT02,29790,51,1,H002,N
584859,20150109,R11,P01,CT02,77110,41,1,H013,N
990493,20150212,R11,P01,CT01,64800,49,1,H018,N
129872,20150124,R10,P01,CT01,53100,22,0,H008,Y
200152,20150109,R12,P01,CT01,60200,14,0,H042,Y
933293,20150118,R12,P03,CT04,5330,37,1,H025,N
485664,20150121,R03,P01,CT02,62300,26,0,H015,N
982871,20150108,R12,P01,CT01,60170,52,1,H007,Y
206213,20150103,R07,P01,CT01,40000,46,1,H010,N
616337,20150101,R04,P01,CT01,97080,40,1,H025,Y
448961,20150116,R09,P01,CT02,51660,24,0,H017,N
790442,20150210,R03,P01,CT01,51120,27,0,H009,N
108844,20150214,R05,P01,CT01,56400,31,1,H048,N
430029,20150221,R03,P01,CT02,55120,55,1,H045,N
529112,20150218,R07,P01,CT02,77110,10,0,H042,N
939631,20150110,R05,P01,CT02,62800,17,0,H003,Y
866931,20150226,R09,P02,CT03,7290,37,1,H018,N
582011,20150101,R07,P01,CT01,76600,58,1,H004,N
691189,20150103,R02,P01,CT02,81800,32,1,H012,N
537546,20150117,R04,P02,CT03,7260,6,0,H032,N
394975,20150222,R09,P02,CT03,4300,49,1,H026,N
729634,20150127,R12,P01,CT02,70510,16,0,H028,N
282195,20150227,R02,P03,CT04,2640,55,1,H031,N
420810,20150106,R10,P01,CT01,78900,16,0,H005,N
524836,20150228,R09,P01,CT02,56430,34,1,H011,N
307195,20150222,R10,P03,CT04,2400,36,1,H031,N
623648,20150107,R05,P01,CT01,65790,54,1,H001,N
485372,20150106,R02,P01,CT02,62920,46,1,H011,N
598554,20150110,R04,P01,CT02,69480,38,1,H040,Y
303987,20150211,R12,P01,CT02,44280,17,0,H008,N
343161,20150112,R12,P01,CT01,56300,18,0,H037,N
519312,20150206,R07,P01,CT02,68520,17,0,H007,Y
132902,20150120,R12,P01,CT02,59130,40,1,H030,Y
332867,20150222,R08,P01,CT02,82320,29,0,H041,Y
356590,20150130,R03,P01,CT01,89700,45,1,H043,Y
346002,20150202,R01,P01,CT02,33930,14,0,H022,N
500533,20150110,R04,P01,CT01,68530,55,1,H003,N
348209,20150227,R02,P03,CT04,4300,45,1,H049,N
486676,20150220,R08,P01,CT02,68310,16,0,H033,Y
260845,20150208,R04,P01,CT01,61290,5,0,H012,Y
657045,20150211,R02,P01,CT01,30100,28,0,H028,N
761189,20150223,R06,P01,CT02,57120,16,0,H016,N
175177,20150301,R06,P01,CT02,42930,40,1,H019,N
116700,20150115,R10,P01,CT02,51210,55,1,H036,N
166264,20150114,R04,P01,CT02,89400,53,1,H033,N
527945,20150217,R06,P01,CT02,59730,43,1,H021,N
627540,20150124,R02,P02,CT03,8060,53,1,H001,N
279422,20150121,R10,P01,CT01,72200,7,0,H028,Y
484200,20150219,R12,P01,CT02,50800,47,1,H009,N
645258,20150103,R02,P02,CT03,6600,24,0,H038,N
694662,20150129,R10,P02,CT03,7500,23,0,H032,N
960680,20150119,R04,P02,CT03,6490,45,1,H041,N
498140,20150119,R08,P01,CT02,60940,32,1,H019,Y
498875,20150202,R07,P01,CT02,58300,40,1,H035,N
798177,20150130,R12,P01,CT02,68400,50,1,H005,N
614763,20150108,R09,P01,CT01,64240,58,1,H011,N
679370,20150130,R08,P03,CT04,4700,34,1,H003,N
958857,20150107,R05,P01,CT02,45120,26,0,H045,Y
686816,20150224,R02,P01,CT02,66950,46,1,H010,N
127754,20150202,R05,P01,CT01,98340,49,1,H031,Y
918629,20150228,R08,P03,CT04,5900,41,1,H035,N
731450,20150209,R10,P01,CT02,70680,38,1,H048,N
307447,20150119,R09,P01,CT02,93720,50,1,H013,N
992145,20150221,R12,P02,CT03,6930,34,1,H049,N
900628,20150114,R12,P01,CT01,72930,36,1,H015,Y
235220,20150122,R12,P01,CT02,64890,16,0,H037,Y
740019,20150222,R09,P03,CT04,5400,35,1,H001,N
246882,20150126,R01,P02,CT03,5600,16,0,H022,N
797613,20150124,R09,P01,CT01,79300,49,1,H027,N
193442,20150219,R07,P01,CT01,52800,41,1,H004,N
389238,20150129,R09,P01,CT02,28800,46,1,H044,N
760179,20150215,R08,P03,CT04,2970,28,0,H029,N
939905,20150212,R01,P01,CT02,93480,59,1,H021,N
872814,20150101,R12,P02,CT03,4320,35,1,H019,N
632627,20150113,R08,P01,CT02,79800,32,1,H030,Y
283414,20150301,R08,P01,CT02,74200,42,1,H040,N
163161,20150202,R11,P01,CT01,70590,28,0,H046,Y
853360,20150127,R03,P01,CT02,60940,47,1,H020,Y
776860,20150112,R01,P01,CT01,74700,32,1,H038,N
149367,20150106,R08,P01,CT01,70000,42,1,H044,Y
395269,20150130,R03,P01,CT02,81070,37,1,H015,N
981123,20150301,R03,P01,CT02,57720,8,0,H036,N
143626,20150224,R01,P02,CT03,7080,12,0,H038,N
648397,20150124,R11,P01,CT02,47700,33,1,H027,Y
154982,20150226,R05,P01,CT01,51260,50,1,H011,N
330591,20150119,R10,P01,CT02,70400,46,1,H041,Y
319232,20150117,R07,P01,CT01,90000,10,0,H043,N
531640,20150220,R10,P01,CT02,72820,50,1,H015,N
368050,20150222,R09,P01,CT01,69300,44,1,H012,N
253791,20150123,R12,P01,CT01,76560,60,1,H014,Y
155724,20150131,R07,P01,CT01,55440,53,1,H012,Y
824540,20150105,R09,P01,CT02,77130,19,0,H016,N
717392,20150203,R08,P01,CT01,42000,39,1,H009,N
965768,20150217,R12,P01,CT02,36300,40,1,H032,N
414779,20150109,R02,P01,CT01,40320,57,1,H024,N
428230,20150208,R01,P03,CT04,3960,37,1,H006,N
517240,20150206,R07,P01,CT01,63840,45,1,H001,Y
469874,20150114,R07,P01,CT02,44730,32,1,H018,Y
718428,20150122,R08,P01,CT02,84720,5,0,H032,N
620215,20150223,R05,P01,CT02,61500,19,0,H048,N
618659,20150222,R03,P01,CT02,51000,46,1,H010,N
649082,20150124,R12,P01,CT01,46800,37,1,H005,N
437573,20150209,R08,P01,CT01,78120,41,1,H047,N
964657,20150119,R06,P01,CT01,69200,32,1,H008,Y
932502,20150101,R11,P02,CT03,3690,22,0,H033,N
434507,20150107,R03,P01,CT02,65500,18,0,H028,N
935277,20150201,R01,P01,CT02,76120,53,1,H012,N
756054,20150221,R03,P01,CT02,73560,60,1,H011,N
682387,20150121,R05,P01,CT01,52030,30,0,H050,N
456604,20150119,R03,P02,CT03,5170,55,1,H048,N
139872,20150227,R01,P03,CT04,8190,15,0,H031,N
354105,20150214,R05,P01,CT01,70800,36,1,H041,Y
165485,20150201,R10,P01,CT02,45630,31,1,H024,N
515050,20150202,R07,P01,CT01,99320,60,1,H045,Y
795686,20150201,R07,P01,CT02,64000,27,0,H032,Y
395983,20150119,R11,P01,CT01,47300,15,0,H031,N
119513,20150218,R09,P01,CT01,71680,49,1,H039,Y
217938,20150208,R10,P01,CT01,112320,38,1,H044,Y
203914,20150109,R10,P01,CT01,82720,57,1,H028,N
565157,20150227,R12,P01,CT02,48060,55,1,H025,N
904191,20150108,R03,P01,CT02,63570,43,1,H048,Y
419510,20150108,R07,P01,CT02,63240,23,0,H026,N
575000,20150224,R01,P01,CT02,54240,18,0,H012,Y
120485,20150212,R04,P01,CT01,37280,32,1,H048,Y
781181,20150218,R04,P01,CT02,72100,7,0,H024,N
299796,20150206,R05,P03,CT04,6500,44,1,H009,N
589749,20150214,R07,P01,CT02,78240,39,1,H041,N
854021,20150205,R07,P02,CT03,6200,8,0,H028,N
454086,20150125,R11,P03,CT04,6160,20,0,H046,N
139484,20150116,R04,P01,CT01,76050,35,1,H024,N
678849,20150128,R07,P01,CT02,86060,34,1,H025,N
346940,20150121,R11,P01,CT01,107900,15,0,H015,Y
985436,20150107,R03,P01,CT02,99990,39,1,H045,N
237418,20150223,R06,P01,CT02,61380,31,1,H014,N
335780,20150214,R12,P01,CT01,71280,11,0,H008,Y
491392,20150227,R02,P01,CT02,64000,38,1,H022,N
140880,20150221,R10,P03,CT04,5940,16,0,H024,N
962591,20150105,R09,P03,CT04,6700,35,1,H025,N
922565,20150130,R05,P01,CT02,51740,11,0,H029,N
288580,20150226,R06,P01,CT01,53600,20,0,H015,Y
154280,20150110,R12,P01,CT02,44910,36,1,H026,N
425973,20150223,R12,P01,CT02,48100,8,0,H039,N
477177,20150205,R12,P02,CT03,6100,16,0,H024,N
648509,20150121,R12,P01,CT01,79600,33,1,H012,N
914815,20150107,R04,P01,CT01,77040,11,0,H024,N
249048,20150111,R11,P01,CT01,62590,12,0,H042,N
144323,20150206,R10,P01,CT01,85150,57,1,H005,N
651861,20150124,R07,P02,CT03,4950,25,0,H013,N
125324,20150218,R12,P01,CT02,51100,46,1,H030,N
398102,20150112,R09,P01,CT01,100800,30,0,H030,N
514065,20150117,R07,P01,CT01,90970,39,1,H029,N
391652,20150112,R01,P01,CT01,81840,12,0,H018,Y
922167,20150106,R01,P01,CT01,54900,26,0,H016,N
442795,20150225,R09,P01,CT01,88660,10,0,H043,Y
226330,20150216,R11,P01,CT02,18000,35,1,H035,N
134430,20150225,R09,P02,CT03,5500,6,0,H024,N
524230,20150221,R04,P01,CT02,73920,26,0,H039,Y
438817,20150216,R09,P01,CT01,101860,53,1,H036,N
293794,20150209,R03,P03,CT04,5390,39,1,H012,N
868283,20150213,R07,P01,CT01,50490,44,1,H027,N
828890,20150111,R06,P01,CT01,55500,5,0,H009,N
882920,20150102,R08,P02,CT03,7040,11,0,H038,N
918777,20150212,R11,P01,CT02,40160,28,0,H021,N
212580,20150205,R09,P01,CT02,55680,23,0,H033,N
602410,20150124,R05,P02,CT03,5300,13,0,H006,Y
976971,20150112,R01,P03,CT04,5200,27,0,H049,N
630226,20150116,R03,P01,CT01,59400,32,1,H031,N
171254,20150113,R10,P02,CT03,2520,9,0,H030,N
247116,20150202,R12,P02,CT03,5760,55,1,H029,N
505969,20150228,R08,P01,CT01,76700,58,1,H024,N
653864,20150118,R11,P03,CT04,5920,50,1,H039,N
586367,20150215,R06,P01,CT02,64350,20,0,H005,N
896890,20150131,R08,P01,CT02,19080,37,1,H005,N
650026,20150210,R09,P01,CT01,54400,6,0,H028,N
547744,20150226,R04,P01,CT01,59800,28,0,H017,Y
598124,20150225,R01,P01,CT02,72000,21,0,H004,N
436126,20150108,R01,P01,CT02,65070,26,0,H036,N
739447,20150114,R10,P03,CT04,8800,16,0,H025,N
427484,20150203,R04,P02,CT03,6120,8,0,H014,N
218684,20150105,R12,P02,CT03,7080,58,1,H012,N
565564,20150124,R07,P01,CT02,34320,35,1,H044,N
743163,20150126,R02,P01,CT02,53460,24,0,H047,Y
604614,20150121,R03,P01,CT01,81360,38,1,H019,Y
509928,20150206,R01,P01,CT02,81070,15,0,H007,Y
593390,20150107,R05,P01,CT01,63120,19,0,H049,N
970607,20150210,R01,P02,CT03,7200,36,1,H011,N
174701,20150223,R08,P01,CT01,70290,10,0,H049,Y
529398,20150109,R01,P01,CT02,60190,34,1,H006,N
940942,20150222,R11,P01,CT01,61380,15,0,H028,Y
442677,20150221,R01,P01,CT01,28100,21,0,H034,N
365364,20150204,R02,P01,CT01,49060,53,1,H033,N
114839,20150107,R02,P01,CT02,57060,28,0,H014,N
872734,20150117,R12,P01,CT02,77880,60,1,H020,N
267885,20150128,R06,P01,CT01,73500,5,0,H039,N
740505,20150222,R07,P01,CT02,88920,12,0,H017,N
629663,20150216,R05,P01,CT01,47630,28,0,H006,Y
839884,20150217,R01,P01,CT02,59040,41,1,H036,N
241562,20150109,R01,P01,CT01,79530,52,1,H050,N
405533,20150209,R03,P01,CT01,53680,53,1,H024,N
667021,20150216,R02,P01,CT01,33550,46,1,H011,N
511621,20150218,R05,P01,CT02,69100,30,0,H033,N
476923,20150111,R12,P01,CT02,79750,19,0,H036,N
735822,20150204,R10,P01,CT02,53600,29,0,H037,Y
492745,20150122,R06,P01,CT02,76560,23,0,H006,N
130930,20150110,R07,P01,CT01,41130,5,0,H006,N
261119,20150110,R04,P01,CT02,78650,14,0,H028,Y
280709,20150216,R07,P01,CT01,71060,51,1,H024,N
898573,20150208,R11,P01,CT01,38830,6,0,H050,N
547802,20150126,R08,P01,CT01,53500,17,0,H036,N
600845,20150201,R11,P01,CT01,73700,29,0,H029,Y
390381,20150202,R01,P03,CT04,6300,60,1,H038,N
629918,20150206,R06,P01,CT02,65400,36,1,H047,N
208298,20150101,R08,P02,CT03,3200,44,1,H036,N
513099,20150119,R05,P01,CT01,75400,42,1,H007,Y
184938,20150117,R04,P01,CT01,58140,23,0,H034,N
187775,20150201,R02,P01,CT02,98670,7,0,H005,Y
326322,20150102,R06,P03,CT04,5900,56,1,H019,N
146138,20150220,R06,P01,CT01,64100,35,1,H044,N
336047,20150205,R11,P01,CT02,55440,21,0,H035,Y
532330,20150227,R01,P01,CT02,80850,59,1,H018,Y
118137,20150127,R09,P02,CT03,7480,34,1,H006,N
212674,20150126,R12,P01,CT01,53640,39,1,H008,Y
935596,20150113,R11,P01,CT02,63250,23,0,H016,Y
737593,20150114,R06,P01,CT02,59040,10,0,H025,N
812025,20150222,R03,P01,CT02,50500,6,0,H030,N
168151,20150117,R04,P01,CT01,57690,51,1,H050,Y
594739,20150202,R12,P02,CT03,5940,42,1,H035,N
843227,20150107,R11,P01,CT02,47790,33,1,H037,Y
283925,20150202,R04,P03,CT04,3850,11,0,H024,N
475588,20150207,R03,P01,CT01,59000,10,0,H029,Y
751905,20150118,R10,P01,CT02,70600,9,0,H018,Y
226725,20150110,R03,P01,CT02,61490,40,1,H039,N
942504,20150130,R03,P01,CT01,57640,38,1,H034,N
395572,20150125,R04,P02,CT03,6890,30,0,H029,N
889883,20150129,R07,P01,CT02,53280,9,0,H013,Y
818167,20150224,R04,P01,CT02,78300,47,1,H026,N
277767,20150104,R09,P01,CT02,41490,18,0,H011,N
842618,20150225,R01,P01,CT02,68970,34,1,H017,N
577810,20150127,R08,P01,CT02,85300,17,0,H034,N
873114,20150219,R07,P03,CT04,3080,13,0,H018,N
994538,20150131,R02,P01,CT02,71760,51,1,H025,Y
727792,20150118,R08,P01,CT02,59700,19,0,H001,N
522506,20150110,R01,P01,CT02,64920,24,0,H029,N
367595,20150128,R11,P01,CT02,37530,18,0,H014,N
586104,20150216,R12,P01,CT02,64080,52,1,H010,N
424862,20150208,R09,P01,CT01,60390,26,0,H027,Y
512813,20150120,R09,P01,CT02,64350,47,1,H048,Y
356768,20150206,R02,P01,CT02,70900,16,0,H012,N
330506,20150124,R07,P01,CT02,46560,26,0,H023,N
779075,20150114,R10,P02,CT03,4730,43,1,H014,Y
799501,20150218,R03,P02,CT03,6820,44,1,H034,N
987905,20150110,R07,P01,CT01,59900,30,0,H006,Y
967756,20150213,R12,P01,CT02,79560,11,0,H046,N
830414,20150217,R10,P01,CT01,70290,32,1,H032,N
127313,20150107,R09,P01,CT02,63910,38,1,H047,N
786957,20150129,R04,P02,CT03,6400,45,1,H009,N
332892,20150213,R12,P01,CT01,66780,45,1,H001,Y
448642,20150201,R01,P03,CT04,8760,9,0,H028,N
526039,20150129,R02,P01,CT01,94160,39,1,H009,N
444422,20150206,R01,P01,CT02,51570,39,1,H004,N
689500,20150128,R12,P01,CT02,52700,43,1,H031,Y
806081,20150121,R05,P01,CT01,101010,6,0,H039,N
384618,20150116,R05,P01,CT02,53400,21,0,H043,Y
756459,20150217,R11,P01,CT01,72120,11,0,H024,N
655787,20150201,R07,P01,CT02,77100,5,0,H002,N
419954,20150225,R09,P03,CT04,3300,26,0,H049,N
275092,20150226,R09,P03,CT04,5940,49,1,H011,N
515698,20150206,R03,P01,CT02,63720,6,0,H017,N
132871,20150203,R03,P02,CT03,7680,8,0,H040,N
714929,20150127,R03,P01,CT02,93730,36,1,H023,N
297816,20150121,R04,P01,CT02,87300,10,0,H031,N
426708,20150124,R08,P03,CT04,5670,14,0,H039,N
615047,20150117,R06,P01,CT02,65800,57,1,H007,N
771236,20150223,R08,P01,CT01,36720,38,1,H020,Y
235869,20150109,R01,P01,CT01,52800,31,1,H004,Y
931625,20150215,R08,P01,CT02,59100,60,1,H025,Y
371635,20150116,R04,P01,CT02,77440,28,0,H049,N
427199,20150114,R11,P01,CT02,45700,54,1,H049,N
261315,20150101,R01,P01,CT02,80740,25,0,H044,Y
582973,20150216,R08,P01,CT02,31350,45,1,H001,Y
278091,20150104,R04,P01,CT01,35000,50,1,H032,N
153154,20150112,R06,P01,CT02,68000,47,1,H048,N
515217,20150108,R08,P01,CT02,84500,49,1,H032,N
860497,20150122,R04,P01,CT01,75500,18,0,H030,N
351741,20150113,R03,P01,CT02,90600,31,1,H045,N
403737,20150118,R09,P01,CT02,64320,43,1,H003,N
162004,20150119,R03,P01,CT02,31700,17,0,H037,N
740384,20150131,R09,P01,CT01,74280,14,0,H023,Y
876714,20150206,R02,P01,CT01,80520,51,1,H044,N
951543,20150204,R02,P01,CT02,63600,18,0,H010,N
576723,20150102,R02,P01,CT01,32800,5,0,H021,N
391003,20150226,R06,P01,CT02,44190,32,1,H043,N
225865,20150208,R03,P01,CT02,50400,22,0,H045,Y
984948,20150207,R09,P01,CT02,88400,59,1,H050,N
890328,20150217,R04,P01,CT02,66550,17,0,H039,N
803294,20150112,R01,P01,CT02,65780,36,1,H031,N
414913,20150201,R04,P01,CT02,51810,53,1,H023,Y
414519,20150203,R01,P01,CT01,55660,51,1,H021,Y
818413,20150221,R05,P01,CT01,44640,16,0,H014,N
487356,20150109,R04,P01,CT02,77660,31,1,H038,Y
159768,20150216,R08,P03,CT04,5640,40,1,H048,N
865839,20150204,R08,P03,CT04,3190,27,0,H045,N
406567,20150224,R07,P01,CT01,53440,45,1,H034,N
623032,20150201,R03,P01,CT01,65250,9,0,H043,N
935442,20150205,R01,P01,CT02,44280,17,0,H035,N
106873,20150107,R01,P01,CT01,70290,42,1,H008,N
563878,20150206,R12,P01,CT01,87100,46,1,H022,N
620855,20150121,R11,P01,CT02,50380,36,1,H024,N
583169,20150301,R03,P01,CT02,64800,42,1,H046,Y
337677,20150224,R06,P01,CT01,70400,43,1,H032,N
445973,20150202,R07,P01,CT01,57860,23,0,H021,Y
156694,20150131,R06,P02,CT03,6240,44,1,H018,N
421940,20150109,R06,P01,CT01,66600,26,0,H038,Y
613226,20150223,R06,P01,CT01,70920,11,0,H006,N
804410,20150128,R03,P01,CT01,39480,26,0,H050,N
553565,20150114,R06,P01,CT01,63240,48,1,H028,N
399524,20150203,R08,P01,CT02,67650,29,0,H005,N
331595,20150217,R11,P01,CT01,74200,56,1,H050,Y
380067,20150130,R11,P01,CT01,64900,50,1,H014,N
701521,20150203,R02,P01,CT02,35900,55,1,H021,Y
360770,20150203,R05,P01,CT01,52200,44,1,H026,N
958785,20150131,R01,P01,CT01,78000,47,1,H042,N
797934,20150206,R12,P01,CT02,67200,47,1,H038,N
883980,20150206,R01,P01,CT01,63250,17,0,H049,N
340614,20150129,R05,P01,CT02,68760,38,1,H016,N
435784,20150107,R12,P01,CT02,65040,37,1,H023,N
563837,20150120,R03,P01,CT01,82800,36,1,H005,Y
200827,20150228,R04,P01,CT01,61700,27,0,H034,N
533941,20150204,R03,P01,CT02,78100,40,1,H022,Y
265026,20150112,R01,P01,CT02,65520,8,0,H020,Y
354481,20150228,R01,P03,CT04,4500,59,1,H003,N
566720,20150108,R12,P01,CT02,42700,6,0,H046,Y
832746,20150125,R12,P03,CT04,5580,21,0,H028,Y
386690,20150226,R05,P03,CT04,3600,30,0,H026,Y
979285,20150203,R06,P02,CT03,2800,7,0,H007,N
594722,20150131,R03,P01,CT01,54000,9,0,H019,N
216738,20150201,R12,P01,CT01,48950,9,0,H021,Y
369048,20150221,R09,P01,CT02,77800,50,1,H008,N
514424,20150130,R05,P01,CT02,52560,24,0,H016,N
954191,20150131,R08,P01,CT02,44110,8,0,H020,N
150181,20150113,R01,P01,CT01,74360,17,0,H045,N
388671,20150216,R05,P03,CT04,6120,49,1,H029,Y
457244,20150204,R03,P01,CT02,62280,60,1,H050,N
206667,20150207,R12,P01,CT02,26730,16,0,H008,N
745200,20150116,R01,P01,CT01,66200,44,1,H024,N
412703,20150228,R04,P01,CT01,45500,52,1,H046,N
736771,20150208,R05,P01,CT02,53040,34,1,H014,N
347984,20150102,R07,P01,CT02,50800,17,0,H040,Y
626074,20150113,R01,P01,CT02,44200,43,1,H050,N
218109,20150107,R03,P01,CT01,62920,6,0,H046,N
999435,20150105,R02,P01,CT02,49950,5,0,H040,Y
858060,20150228,R09,P01,CT01,56430,10,0,H041,Y
500384,20150104,R10,P01,CT01,100210,40,1,H001,N
903785,20150202,R06,P01,CT02,49140,9,0,H024,N
873859,20150223,R10,P01,CT01,66840,60,1,H002,N
204294,20150210,R03,P01,CT01,62460,25,0,H017,N
467106,20150216,R08,P01,CT02,62810,53,1,H010,N
357713,20150104,R08,P01,CT01,54160,15,0,H027,N
890026,20150130,R02,P01,CT01,48400,45,1,H018,N
751612,20150125,R06,P01,CT02,51480,57,1,H032,N
876680,20150122,R07,P01,CT02,51700,11,0,H029,N
756981,20150101,R02,P01,CT02,65520,25,0,H011,N
121439,20150214,R11,P01,CT02,47700,32,1,H026,Y
411289,20150115,R10,P02,CT03,5220,32,1,H039,N
538466,20150106,R02,P01,CT01,73320,24,0,H039,N
932097,20150208,R10,P01,CT01,74900,43,1,H036,N
463727,20150217,R01,P02,CT03,3190,7,0,H012,N
552618,20150121,R08,P01,CT01,76920,44,1,H043,N
936638,20150209,R01,P01,CT02,77990,33,1,H036,N
348814,20150212,R09,P01,CT01,59670,36,1,H016,N
944102,20150224,R11,P01,CT02,44880,6,0,H003,Y
689901,20150202,R06,P01,CT01,82830,14,0,H010,N
901083,20150214,R07,P01,CT01,84480,20,0,H049,Y
396224,20150215,R10,P01,CT02,79800,48,1,H012,N
682178,20150228,R07,P01,CT02,53020,36,1,H024,N
596298,20150118,R10,P01,CT02,24200,52,1,H031,N
253005,20150106,R03,P01,CT01,43230,41,1,H038,N
985924,20150119,R02,P02,CT03,3190,36,1,H038,N
631565,20150117,R09,P03,CT04,5850,28,0,H007,N
630998,20150212,R08,P03,CT04,6820,16,0,H017,N
926665,20150211,R12,P01,CT02,69480,9,0,H034,N
302669,20150221,R10,P01,CT02,94560,20,0,H031,N
620020,20150102,R07,P02,CT03,7800,10,0,H033,N
439828,20150111,R09,P01,CT01,61270,57,1,H037,N
971295,20150223,R04,P01,CT01,71440,46,1,H022,N
165565,20150128,R04,P01,CT01,55600,20,0,H006,N
936543,20150201,R01,P02,CT03,5000,56,1,H044,N
296960,20150224,R08,P01,CT01,95810,59,1,H030,N
501692,20150120,R12,P01,CT01,69300,47,1,H036,N
525224,20150114,R03,P01,CT01,81120,49,1,H003,N
355085,20150205,R07,P01,CT01,91260,31,1,H043,N
830729,20150111,R12,P01,CT01,60600,14,0,H002,N
651948,20150102,R02,P01,CT02,64800,41,1,H013,Y
424358,20150212,R02,P01,CT02,66880,49,1,H029,Y
131478,20150103,R07,P01,CT01,58200,51,1,H005,N
268833,20150225,R06,P01,CT01,60570,35,1,H005,N
287489,20150119,R03,P01,CT02,69680,9,0,H013,Y
808153,20150103,R09,P01,CT01,55700,42,1,H018,N
687639,20150212,R10,P01,CT02,62370,24,0,H029,N
497347,20150224,R06,P01,CT02,54340,59,1,H036,N
439660,20150225,R10,P01,CT01,55170,50,1,H010,Y
847123,20150217,R10,P01,CT01,58500,27,0,H003,N
172307,20150209,R06,P01,CT01,59940,29,0,H037,N
810189,20150215,R01,P01,CT01,73400,32,1,H026,N
432068,20150225,R04,P01,CT01,41850,38,1,H025,N
903203,20150205,R10,P03,CT04,6400,33,1,H018,Y
253085,20150112,R06,P02,CT03,3190,26,0,H003,N
180720,20150101,R06,P03,CT04,5900,37,1,H014,N
492224,20150219,R11,P01,CT01,57330,34,1,H046,N
411477,20150114,R12,P01,CT02,81960,9,0,H035,N
107181,20150130,R05,P01,CT01,70400,42,1,H020,Y
312940,20150120,R01,P03,CT04,3770,45,1,H036,N
855186,20150218,R08,P03,CT04,7400,47,1,H024,N
373935,20150107,R05,P01,CT01,54810,26,0,H002,Y
812989,20150116,R12,P01,CT01,49400,13,0,H026,N
993840,20150115,R12,P01,CT01,68750,40,1,H019,N
327856,20150201,R12,P01,CT01,61500,22,0,H034,N
506333,20150106,R05,P01,CT02,76890,28,0,H016,N
263159,20150202,R07,P01,CT01,56070,51,1,H029,N
372912,20150225,R04,P01,CT01,56000,38,1,H043,N
552788,20150210,R06,P03,CT04,4290,58,1,H016,N
722747,20150222,R04,P01,CT02,60750,36,1,H024,N
248467,20150131,R03,P01,CT01,48730,27,0,H010,N
955953,20150212,R07,P01,CT02,95150,57,1,H030,N
910622,20150106,R08,P02,CT03,7480,5,0,H017,N
137675,20150101,R04,P01,CT01,79800,50,1,H034,Y
343421,20150107,R02,P01,CT01,103560,18,0,H017,N
413192,20150221,R12,P01,CT01,79500,15,0,H015,N
247801,20150214,R10,P01,CT01,76230,47,1,H031,Y
171147,20150216,R03,P01,CT01,59520,24,0,H017,N
431283,20150204,R01,P01,CT02,47760,21,0,H006,Y
461962,20150122,R08,P01,CT02,84590,7,0,H007,N
149467,20150215,R03,P01,CT02,61650,33,1,H004,N
758740,20150107,R12,P01,CT01,81400,10,0,H027,N
628337,20150223,R10,P01,CT02,58410,50,1,H037,N
574637,20150106,R07,P01,CT02,38610,19,0,H020,N
373600,20150207,R10,P01,CT02,57600,48,1,H048,N
930032,20150214,R05,P01,CT02,53190,7,0,H012,N
396590,20150215,R10,P01,CT01,58300,20,0,H005,Y
238412,20150214,R05,P01,CT02,64620,52,1,H028,N
484321,20150205,R07,P01,CT02,90480,47,1,H011,N
795847,20150104,R09,P02,CT03,7080,59,1,H003,N
218456,20150220,R12,P03,CT04,6490,50,1,H024,Y
792673,20150205,R05,P01,CT02,55900,13,0,H002,N
662256,20150115,R01,P01,CT01,63800,30,0,H003,Y
971338,20150105,R10,P01,CT01,58160,38,1,H025,Y
714738,20150101,R10,P02,CT03,6300,31,1,H033,Y
753844,20150126,R01,P01,CT01,104610,29,0,H033,Y
976645,20150213,R02,P01,CT02,69850,52,1,H042,N
918037,20150114,R06,P01,CT01,62900,38,1,H012,N
996253,20150131,R09,P01,CT02,59670,13,0,H029,Y
373731,20150122,R08,P01,CT02,81500,56,1,H038,N
836272,20150130,R05,P01,CT01,50000,33,1,H004,N
167231,20150217,R01,P01,CT01,48290,33,1,H035,N
743330,20150220,R07,P01,CT01,59070,32,1,H038,N
807369,20150204,R05,P01,CT02,63300,7,0,H038,N
735307,20150223,R06,P01,CT01,65780,13,0,H028,N
789208,20150208,R07,P01,CT02,75400,32,1,H025,Y
585324,20150221,R03,P02,CT03,2250,36,1,H014,N
498759,20150113,R12,P01,CT02,54120,25,0,H025,N
795004,20150117,R10,P01,CT02,69480,23,0,H004,N
203250,20150218,R03,P01,CT01,66950,39,1,H046,N
430794,20150114,R05,P01,CT02,64100,54,1,H038,Y
156636,20150127,R06,P01,CT01,80280,25,0,H019,N
284143,20150212,R09,P02,CT03,4680,16,0,H042,N
740518,20150117,R12,P01,CT02,39720,6,0,H006,N
445289,20150113,R05,P01,CT01,63580,20,0,H039,Y
599262,20150121,R01,P01,CT01,73370,52,1,H003,N
357949,20150101,R04,P01,CT01,86790,40,1,H032,N
493161,20150218,R05,P01,CT01,49800,34,1,H023,N
320251,20150204,R12,P01,CT01,77440,8,0,H009,N
231127,20150109,R10,P01,CT01,42900,36,1,H010,N
766193,20150214,R10,P01,CT02,53820,11,0,H018,Y
555374,20150103,R05,P01,CT01,57330,31,1,H007,N
491484,20150204,R07,P01,CT02,53370,33,1,H032,N
925128,20150130,R04,P01,CT01,62920,48,1,H025,N
265093,20150220,R01,P01,CT02,61600,38,1,H002,N
267808,20150107,R05,P01,CT02,74160,40,1,H036,N
116735,20150131,R07,P01,CT01,80100,15,0,H024,N
963680,20150217,R10,P03,CT04,6560,25,0,H020,N
445694,20150124,R10,P01,CT01,58800,10,0,H036,N
215534,20150202,R06,P01,CT02,53730,44,1,H047,Y
232854,20150109,R05,P01,CT01,60600,56,1,H024,N
168260,20150228,R04,P01,CT01,35750,35,1,H050,N
538955,20150117,R02,P01,CT01,42840,50,1,H040,N
243226,20150209,R04,P01,CT02,87960,16,0,H027,Y
246435,20150114,R10,P01,CT02,47800,31,1,H036,N
582480,20150202,R10,P02,CT03,3840,39,1,H043,N
345539,20150217,R03,P01,CT01,77000,49,1,H025,N
924318,20150125,R10,P01,CT01,88110,34,1,H002,N
726880,20150213,R01,P01,CT02,47740,58,1,H041,N
190588,20150220,R08,P01,CT02,58960,28,0,H018,N
246705,20150108,R05,P03,CT04,2160,14,0,H025,N
619589,20150228,R04,P02,CT03,6890,53,1,H015,N
164988,20150212,R08,P01,CT02,78870,49,1,H024,N
729534,20150106,R07,P02,CT03,2700,10,0,H001,N
505014,20150215,R02,P01,CT01,75960,10,0,H037,N
920826,20150120,R01,P01,CT01,75570,25,0,H038,Y
534982,20150103,R12,P01,CT01,90240,48,1,H010,N
110408,20150126,R11,P01,CT01,80960,41,1,H001,N
283052,20150125,R04,P01,CT02,79080,24,0,H026,N
840806,20150118,R08,P02,CT03,6820,50,1,H016,N
382394,20150112,R12,P01,CT02,62590,25,0,H010,N
876699,20150115,R02,P01,CT01,52400,10,0,H038,Y
871432,20150110,R03,P01,CT02,63580,48,1,H003,N
379882,20150123,R12,P01,CT02,61400,36,1,H041,N
852002,20150221,R01,P03,CT04,4700,37,1,H034,Y
372891,20150217,R01,P01,CT01,74140,18,0,H039,N
689034,20150106,R03,P01,CT01,83160,40,1,H039,N
743092,20150218,R11,P03,CT04,10790,47,1,H004,N
599174,20150217,R05,P01,CT02,48070,19,0,H011,N
421092,20150124,R12,P01,CT02,51030,28,0,H044,N
349658,20150121,R03,P01,CT01,43280,29,0,H012,Y
811042,20150203,R01,P01,CT01,76400,60,1,H015,N
505316,20150107,R01,P01,CT01,75460,31,1,H036,N
116645,20150202,R08,P01,CT02,69000,25,0,H026,Y
950880,20150113,R10,P02,CT03,8640,14,0,H037,N
788502,20150228,R11,P01,CT02,67210,45,1,H008,N
627486,20150116,R12,P01,CT02,42500,45,1,H003,N
498842,20150201,R12,P01,CT01,86400,48,1,H040,N
550294,20150130,R02,P02,CT03,4620,12,0,H036,Y
328387,20150216,R03,P03,CT04,6930,28,0,H037,N
540152,20150107,R02,P01,CT02,41700,60,1,H005,N
385932,20150110,R03,P01,CT01,77330,44,1,H037,Y
618682,20150131,R07,P02,CT03,4950,13,0,H003,N
550930,20150213,R01,P02,CT03,5160,33,1,H019,N
998192,20150222,R10,P01,CT02,24570,49,1,H045,Y
663938,20150108,R08,P01,CT02,53680,5,0,H023,N
756870,20150204,R10,P01,CT02,42900,25,0,H040,N
337158,20150204,R10,P01,CT01,84100,55,1,H032,Y
919875,20150226,R10,P01,CT01,61560,53,1,H001,N
315631,20150108,R02,P01,CT01,44240,18,0,H046,N
113464,20150215,R03,P01,CT02,57700,18,0,H022,N
556415,20150114,R09,P01,CT01,108030,27,0,H046,N
250249,20150112,R07,P01,CT01,54300,30,0,H007,N
403776,20150118,R04,P01,CT02,32280,28,0,H013,Y
396002,20150115,R10,P01,CT02,84600,38,1,H047,N
976908,20150224,R05,P01,CT01,69700,48,1,H017,N
509489,20150207,R02,P01,CT02,36400,39,1,H039,N
485295,20150222,R11,P01,CT02,37520,17,0,H004,N
361829,20150119,R08,P01,CT02,79090,45,1,H036,N
603632,20150228,R04,P01,CT01,67770,22,0,H039,Y
783494,20150204,R09,P01,CT01,47400,39,1,H031,Y
439049,20150217,R05,P01,CT01,71100,52,1,H035,N
502634,20150217,R09,P01,CT01,69400,43,1,H022,N
378588,20150117,R04,P01,CT02,55000,6,0,H003,Y
794731,20150202,R10,P01,CT02,51090,7,0,H017,N
641934,20150212,R05,P01,CT01,64200,9,0,H002,Y
113516,20150104,R09,P01,CT01,67320,22,0,H008,N
425631,20150221,R08,P01,CT02,76120,48,1,H021,N
542245,20150123,R03,P01,CT02,85020,16,0,H025,N
512894,20150212,R01,P01,CT02,68090,50,1,H025,N
633090,20150123,R03,P03,CT04,6030,44,1,H039,N
464234,20150210,R04,P02,CT03,5100,28,0,H021,N
290162,20150110,R02,P02,CT03,4590,56,1,H023,N
638155,20150212,R01,P01,CT02,72400,34,1,H002,Y
911429,20150221,R07,P01,CT01,70900,56,1,H013,N
106186,20150118,R08,P01,CT02,65100,56,1,H047,N
311783,20150228,R07,P01,CT02,64260,43,1,H034,N
528385,20150119,R05,P01,CT01,79970,50,1,H046,Y
228403,20150111,R12,P01,CT01,56610,36,1,H045,N
209177,20150211,R01,P01,CT01,84590,51,1,H023,Y
497929,20150109,R07,P01,CT02,66780,15,0,H005,N
735844,20150120,R07,P01,CT01,58500,30,0,H037,N
710741,20150226,R09,P03,CT04,5000,37,1,H019,N
276804,20150202,R03,P03,CT04,5000,49,1,H008,Y
507545,20150104,R09,P01,CT02,54450,9,0,H038,N
485642,20150219,R01,P01,CT02,61920,47,1,H022,N
796375,20150112,R01,P01,CT01,43700,7,0,H007,Y
171183,20150124,R04,P01,CT01,64080,19,0,H044,N
110084,20150217,R09,P01,CT01,55000,60,1,H043,Y
714784,20150113,R06,P02,CT03,4400,23,0,H028,N
143924,20150228,R11,P01,CT02,71640,36,1,H028,N
996850,20150103,R03,P01,CT01,61740,31,1,H027,N
284834,20150205,R01,P01,CT01,57500,25,0,H039,N
830878,20150101,R04,P03,CT04,8700,12,0,H024,N
270208,20150106,R12,P01,CT02,77100,9,0,H001,N
407958,20150203,R09,P01,CT01,59400,29,0,H032,N
832300,20150212,R03,P01,CT02,54890,18,0,H033,N
927205,20150216,R12,P01,CT02,74030,54,1,H032,N
655356,20150225,R09,P01,CT01,61490,16,0,H032,N
831053,20150121,R07,P01,CT02,79560,42,1,H029,N
432740,20150128,R12,P03,CT04,4900,59,1,H017,N
893853,20150227,R04,P01,CT02,77770,40,1,H001,N
594988,20150210,R03,P01,CT02,74700,57,1,H032,Y
979544,20150118,R10,P01,CT02,40600,30,0,H005,N
191891,20150113,R05,P01,CT01,45270,35,1,H024,N
831479,20150131,R05,P01,CT02,47080,7,0,H045,N
714346,20150115,R03,P01,CT01,40700,58,1,H015,Y
326289,20150213,R12,P01,CT01,34650,31,1,H037,N
944537,20150213,R09,P03,CT04,3200,44,1,H004,N
779156,20150103,R04,P01,CT01,78980,19,0,H038,Y
856153,20150113,R11,P03,CT04,6160,24,0,H038,N
473338,20150214,R05,P01,CT01,85250,26,0,H016,N
521694,20150120,R04,P01,CT02,72840,17,0,H009,N
136520,20150118,R05,P03,CT04,6050,13,0,H009,N
730819,20150103,R07,P01,CT01,87890,42,1,H033,Y
912665,20150301,R09,P01,CT02,60500,42,1,H008,Y
469966,20150101,R07,P01,CT02,88220,30,0,H042,N
952300,20150129,R05,P01,CT02,53680,57,1,H010,N
322609,20150110,R10,P01,CT01,53800,34,1,H020,N
890280,20150129,R10,P01,CT01,54360,14,0,H048,Y
431583,20150220,R07,P01,CT01,54340,18,0,H004,N
155912,20150121,R10,P03,CT04,2860,34,1,H020,Y
110143,20150118,R05,P02,CT03,5490,21,0,H009,N
808544,20150109,R03,P02,CT03,7370,14,0,H031,N
409074,20150113,R07,P01,CT02,50800,58,1,H007,Y
824728,20150213,R11,P01,CT02,41520,29,0,H035,N
606037,20150108,R11,P01,CT01,89650,33,1,H032,N
636843,20150217,R02,P01,CT02,39690,29,0,H003,N
111874,20150115,R12,P01,CT01,62260,50,1,H048,N
439844,20150124,R09,P01,CT01,51920,21,0,H020,Y
463513,20150228,R10,P01,CT01,53460,8,0,H043,N
577858,20150216,R10,P01,CT02,57100,25,0,H041,N
607351,20150209,R12,P01,CT02,77440,33,1,H016,N
682754,20150124,R01,P01,CT01,68300,20,0,H035,N
757352,20150211,R06,P03,CT04,5060,55,1,H035,N
307469,20150127,R07,P01,CT02,59400,14,0,H035,Y
526296,20150119,R08,P01,CT02,69930,53,1,H039,Y
658816,20150220,R10,P01,CT02,77700,39,1,H019,N
913337,20150110,R09,P01,CT02,68750,9,0,H034,Y
488464,20150221,R02,P01,CT02,91080,22,0,H005,N
480094,20150201,R11,P01,CT01,48360,24,0,H043,N
263108,20150225,R10,P01,CT01,95000,52,1,H034,N
298412,20150224,R02,P02,CT03,3900,19,0,H028,N
261905,20150221,R05,P01,CT02,59400,57,1,H015,Y
674485,20150108,R05,P01,CT01,60210,24,0,H023,N
223404,20150110,R06,P01,CT01,43600,13,0,H047,N
991480,20150214,R03,P01,CT02,62800,45,1,H049,N
804219,20150226,R08,P01,CT01,59500,22,0,H020,N
483088,20150130,R01,P01,CT02,53460,14,0,H004,N
100804,20150107,R06,P01,CT02,41690,54,1,H041,N
941807,20150227,R04,P01,CT01,63100,41,1,H005,N
593466,20150213,R01,P01,CT01,62880,46,1,H003,Y
437442,20150202,R07,P01,CT02,75400,16,0,H022,Y
942106,20150227,R09,P01,CT01,46200,19,0,H048,N
794951,20150202,R04,P01,CT01,58500,6,0,H001,N
182450,20150117,R04,P01,CT02,66240,44,1,H046,N
730973,20150112,R06,P01,CT02,65440,58,1,H005,N
687755,20150120,R12,P01,CT01,64200,30,0,H032,N
757644,20150205,R03,P01,CT02,32320,12,0,H024,N
998865,20150120,R12,P01,CT01,33480,45,1,H015,N
944953,20150224,R06,P02,CT03,4320,12,0,H045,N
386429,20150221,R07,P02,CT03,4200,51,1,H044,N
108270,20150211,R11,P01,CT02,57970,43,1,H014,N
205134,20150124,R10,P03,CT04,4320,26,0,H043,N
749325,20150106,R10,P01,CT02,69300,52,1,H010,N
774303,20150115,R03,P01,CT02,32480,36,1,H029,N
698470,20150222,R07,P01,CT01,60480,57,1,H011,N
719989,20150121,R03,P03,CT04,2640,48,1,H010,N
309323,20150203,R02,P03,CT04,6050,51,1,H047,N
444035,20150216,R12,P01,CT02,42700,44,1,H028,Y
431478,20150207,R10,P01,CT01,40260,12,0,H009,Y
797634,20150114,R04,P01,CT01,50000,40,1,H013,N
284836,20150202,R12,P03,CT04,3840,54,1,H009,N
238196,20150206,R08,P01,CT02,95900,26,0,H001,N
885789,20150115,R09,P01,CT02,56160,6,0,H033,N
287436,20150224,R07,P01,CT01,63030,14,0,H046,N
496067,20150107,R01,P01,CT01,63470,12,0,H022,N
206004,20150204,R03,P01,CT01,44440,43,1,H029,Y
153027,20150204,R12,P03,CT04,6600,46,1,H042,N
469426,20150125,R09,P01,CT02,77200,35,1,H012,N
654974,20150225,R12,P01,CT02,57000,40,1,H009,N
943425,20150227,R01,P02,CT03,2700,24,0,H044,N
641845,20150211,R09,P01,CT01,47300,38,1,H006,N
794534,20150104,R08,P01,CT01,55110,36,1,H025,N
357808,20150126,R01,P02,CT03,4320,51,1,H005,N
536052,20150301,R06,P01,CT02,68760,41,1,H047,Y
873384,20150206,R05,P01,CT02,74400,16,0,H035,Y
790225,20150209,R06,P01,CT02,35300,20,0,H037,Y
587498,20150205,R10,P03,CT04,2640,14,0,H010,N
639027,20150103,R12,P01,CT02,60190,42,1,H046,Y
217899,20150224,R05,P01,CT02,41580,54,1,H039,Y
589094,20150114,R06,P01,CT01,58500,50,1,H020,Y
458829,20150108,R05,P01,CT01,79320,30,0,H040,N
626208,20150214,R11,P01,CT01,82610,55,1,H039,Y
315041,20150123,R12,P01,CT02,78600,27,0,H025,Y
283267,20150105,R05,P01,CT01,51390,43,1,H028,Y
442494,20150219,R04,P01,CT01,70200,30,0,H024,Y
159243,20150207,R03,P03,CT04,4900,52,1,H023,N
669800,20150207,R03,P01,CT02,66480,38,1,H037,Y
520179,20150120,R04,P01,CT01,50380,60,1,H045,Y
607974,20150218,R09,P01,CT01,64350,43,1,H007,N
465065,20150111,R02,P01,CT02,55400,9,0,H020,Y
369941,20150122,R09,P01,CT01,49900,56,1,H038,N
447226,20150223,R01,P01,CT02,74880,52,1,H033,N
831668,20150115,R01,P01,CT01,105820,6,0,H013,N
922937,20150220,R05,P02,CT03,7150,7,0,H014,N
640474,20150119,R06,P01,CT01,55800,32,1,H009,N
153298,20150110,R06,P03,CT04,5830,51,1,H046,N
334749,20150116,R03,P01,CT01,85900,12,0,H036,Y
221283,20150212,R07,P03,CT04,7110,6,0,H027,N
961496,20150123,R09,P01,CT02,36960,42,1,H004,N
804751,20150213,R11,P01,CT02,64400,36,1,H005,N
369226,20150127,R12,P03,CT04,1920,50,1,H022,N
691115,20150214,R10,P01,CT01,86130,28,0,H032,Y
713172,20150201,R08,P01,CT01,82170,5,0,H031,Y
621756,20150223,R06,P01,CT01,50300,10,0,H005,Y
615116,20150120,R12,P01,CT01,44200,23,0,H043,N
947598,20150108,R08,P01,CT01,66660,18,0,H034,N
658002,20150223,R12,P01,CT01,78320,7,0,H027,N
374545,20150204,R05,P01,CT01,105040,43,1,H050,N
805806,20150209,R08,P01,CT01,50700,27,0,H015,N
235097,20150218,R10,P01,CT02,51210,23,0,H046,N
290971,20150210,R12,P01,CT02,51840,45,1,H022,N
180286,20150120,R04,P01,CT02,52800,44,1,H036,N
662088,20150127,R10,P01,CT01,55200,6,0,H026,N
884365,20150121,R08,P02,CT03,9100,53,1,H042,N
178081,20150218,R10,P01,CT02,67600,18,0,H009,N
507452,20150226,R12,P01,CT01,40800,28,0,H029,N
990624,20150129,R02,P01,CT02,84500,7,0,H029,Y
892148,20150208,R12,P01,CT02,71610,21,0,H024,Y
398683,20150119,R12,P01,CT02,60600,60,1,H014,Y
605100,20150208,R05,P01,CT02,81240,47,1,H032,Y
143109,20150107,R09,P01,CT02,29300,30,0,H044,N
230223,20150213,R04,P01,CT02,76450,31,1,H038,N
769602,20150215,R11,P01,CT02,49400,30,0,H046,N
420815,20150214,R06,P01,CT01,90530,54,1,H006,N
973546,20150131,R01,P02,CT03,8030,48,1,H049,N
608039,20150128,R09,P01,CT01,63900,29,0,H008,N
250162,20150301,R01,P01,CT02,38640,38,1,H030,N
786432,20150110,R05,P01,CT02,41490,48,1,H044,N
445195,20150225,R04,P01,CT02,79090,17,0,H040,N
938634,20150130,R12,P01,CT02,87900,22,0,H009,N
482495,20150206,R03,P01,CT01,53400,47,1,H028,N
796005,20150208,R06,P01,CT01,52030,46,1,H014,N
910604,20150113,R02,P01,CT01,82060,59,1,H030,N
327488,20150118,R03,P01,CT01,48360,22,0,H033,N
715202,20150301,R05,P01,CT02,52290,29,0,H013,N
648852,20150202,R09,P01,CT02,68200,20,0,H021,Y
516959,20150120,R02,P01,CT02,60750,15,0,H004,Y
984456,20150124,R10,P01,CT02,65560,14,0,H005,Y
801331,20150104,R08,P01,CT02,70290,28,0,H006,N
786103,20150117,R02,P01,CT01,45000,17,0,H042,N
684193,20150204,R11,P01,CT02,61800,14,0,H042,N
247505,20150214,R05,P01,CT02,64570,39,1,H045,N
259792,20150107,R07,P01,CT01,70500,34,1,H012,N
185124,20150202,R08,P01,CT02,57900,22,0,H005,N
760700,20150112,R01,P01,CT02,57860,15,0,H031,N
362407,20150101,R06,P01,CT01,37800,10,0,H008,N
389525,20150222,R01,P01,CT01,63300,38,1,H032,N
179538,20150116,R02,P01,CT02,44200,17,0,H008,N
265437,20150128,R01,P01,CT02,31680,39,1,H034,N
266247,20150123,R11,P03,CT04,100,28,0,H025,N
921851,20150225,R05,P01,CT01,56340,52,1,H012,N
488724,20150211,R10,P01,CT02,69740,33,1,H003,N
192524,20150103,R09,P01,CT02,60480,29,0,H050,N
338070,20150130,R06,P01,CT02,80880,43,1,H002,N
865607,20150118,R11,P01,CT01,49390,46,1,H013,N
963285,20150104,R11,P01,CT01,69360,43,1,H016,N
728491,20150120,R01,P02,CT03,3740,33,1,H014,N
553436,20150212,R01,P03,CT04,5060,40,1,H040,N
440616,20150219,R02,P01,CT02,35860,26,0,H002,Y
463237,20150221,R09,P01,CT02,50050,34,1,H018,Y
753452,20150202,R03,P01,CT02,59070,30,0,H012,N
920554,20150201,R01,P01,CT02,28440,51,1,H003,N
594783,20150108,R05,P01,CT01,45540,42,1,H043,Y
725330,20150116,R07,P01,CT01,38700,23,0,H012,N
607259,20150220,R06,P03,CT04,5830,34,1,H043,N
979336,20150130,R12,P01,CT01,57240,52,1,H001,Y
865201,20150119,R01,P01,CT02,46200,38,1,H019,N
140977,20150225,R05,P01,CT01,57700,16,0,H045,N
787351,20150124,R05,P01,CT02,56160,33,1,H015,N
272330,20150116,R06,P01,CT02,44400,32,1,H029,N
728025,20150112,R03,P01,CT01,92730,40,1,H014,Y
804608,20150104,R05,P01,CT01,30700,41,1,H042,N
718829,20150202,R07,P01,CT01,56600,31,1,H018,N
482404,20150201,R05,P03,CT04,3960,16,0,H019,N
331170,20150214,R05,P01,CT01,34800,9,0,H009,N
753056,20150208,R05,P01,CT02,79500,39,1,H042,N
910365,20150122,R10,P01,CT01,56000,39,1,H017,N
379268,20150114,R10,P01,CT01,73260,57,1,H033,Y
362843,20150203,R03,P03,CT04,4950,46,1,H024,N
135400,20150120,R01,P01,CT01,48000,22,0,H014,N
798579,20150101,R05,P01,CT01,52200,17,0,H035,N
250833,20150202,R09,P01,CT02,73800,39,1,H046,N
824116,20150123,R01,P01,CT01,78200,11,0,H042,N
322613,20150126,R03,P01,CT01,55200,59,1,H010,Y
871305,20150102,R04,P01,CT02,57060,33,1,H013,N
488037,20150225,R01,P02,CT03,4680,57,1,H034,N
485813,20150115,R01,P01,CT01,53100,6,0,H005,Y
886473,20150209,R08,P02,CT03,3520,11,0,H050,N
907113,20150116,R02,P01,CT02,72900,28,0,H002,N
833321,20150201,R12,P01,CT01,70700,59,1,H004,N
521592,20150210,R08,P01,CT02,60170,39,1,H029,N
254837,20150103,R07,P01,CT01,74800,23,0,H042,Y
634499,20150101,R10,P02,CT03,4100,12,0,H030,N
574707,20150223,R10,P01,CT01,61490,21,0,H037,N
476839,20150128,R02,P02,CT03,7200,33,1,H046,N
149601,20150222,R06,P01,CT02,45100,50,1,H046,N
630683,20150103,R06,P01,CT01,66660,9,0,H045,N
500639,20150110,R03,P01,CT01,76400,56,1,H039,Y
352120,20150125,R11,P01,CT01,58300,11,0,H008,N
569245,20150110,R02,P01,CT01,57310,36,1,H050,N
907012,20150128,R12,P01,CT01,53100,52,1,H007,N
700074,20150218,R01,P01,CT02,74700,29,0,H046,N
866805,20150124,R06,P01,CT02,60500,38,1,H011,N
951863,20150120,R12,P01,CT02,84920,49,1,H018,Y
211578,20150110,R05,P01,CT01,61050,50,1,H030,N
357394,20150107,R11,P01,CT02,69080,24,0,H047,Y
863749,20150116,R09,P02,CT03,4560,60,1,H031,N
596914,20150101,R01,P01,CT02,67800,56,1,H011,N
684653,20150107,R07,P02,CT03,5600,46,1,H040,N
528259,20150217,R05,P02,CT03,9000,32,1,H017,N
797636,20150226,R05,P01,CT01,85320,35,1,H016,N
326180,20150131,R02,P02,CT03,5940,60,1,H039,Y
620075,20150227,R11,P01,CT02,51370,32,1,H019,Y
965187,20150301,R03,P01,CT01,51600,46,1,H031,N
516182,20150213,R07,P03,CT04,5400,37,1,H013,N
728839,20150108,R06,P01,CT02,48870,38,1,H013,N
771509,20150205,R12,P02,CT03,5590,49,1,H013,N
264221,20150220,R02,P01,CT02,54960,36,1,H037,Y
602704,20150124,R06,P01,CT02,39800,12,0,H015,N
672416,20150131,R02,P01,CT02,56160,25,0,H008,Y
545506,20150123,R02,P01,CT01,52700,32,1,H024,N
777533,20150111,R02,P01,CT02,68580,42,1,H013,N
953334,20150220,R11,P01,CT01,90860,44,1,H018,Y
369781,20150224,R03,P03,CT04,5700,17,0,H020,N
990998,20150119,R02,P01,CT02,94930,19,0,H004,N
982678,20150108,R04,P01,CT01,46800,47,1,H025,Y
646069,20150301,R09,P01,CT02,56320,55,1,H013,N
331683,20150121,R06,P01,CT01,83490,9,0,H027,N
364055,20150228,R01,P01,CT02,57900,19,0,H012,N
521854,20150126,R08,P01,CT02,49410,7,0,H020,N
737252,20150131,R12,P01,CT02,66200,34,1,H027,N
344480,20150220,R07,P01,CT01,64080,26,0,H013,N
898519,20150217,R10,P01,CT02,42500,54,1,H039,N
957816,20150202,R03,P01,CT02,48950,16,0,H046,N
175960,20150206,R01,P01,CT02,58850,18,0,H037,N
489618,20150211,R05,P01,CT02,82400,23,0,H008,N
717044,20150125,R04,P01,CT01,54240,39,1,H029,N
101421,20150223,R10,P01,CT02,74200,12,0,H039,N
793948,20150129,R08,P01,CT01,47430,11,0,H041,N
737483,20150102,R01,P01,CT01,68200,56,1,H011,Y
695117,20150206,R10,P01,CT01,63900,50,1,H007,N
167466,20150214,R01,P01,CT02,59300,40,1,H049,N
664732,20150204,R12,P01,CT02,66900,37,1,H010,Y
143038,20150212,R04,P01,CT02,40810,56,1,H034,Y
979963,20150212,R08,P01,CT01,75400,12,0,H035,N
467841,20150128,R05,P03,CT04,4200,5,0,H036,N
219028,20150110,R02,P01,CT02,52650,8,0,H009,Y
130156,20150119,R06,P01,CT01,42240,42,1,H042,N
762951,20150119,R05,P01,CT01,59490,58,1,H038,N
376879,20150128,R02,P01,CT01,44200,10,0,H045,Y
599031,20150216,R11,P02,CT03,7700,48,1,H012,N
676255,20150108,R11,P01,CT02,61440,30,0,H050,N
985446,20150124,R11,P01,CT02,54400,34,1,H020,Y
884180,20150218,R03,P01,CT01,58560,45,1,H027,N
571462,20150121,R09,P01,CT01,67300,36,1,H008,Y
815883,20150108,R07,P01,CT01,36740,51,1,H022,Y
258265,20150202,R07,P01,CT01,85690,41,1,H044,N
569714,20150301,R11,P01,CT02,34160,44,1,H011,Y
180008,20150204,R06,P01,CT01,61320,34,1,H040,N
633375,20150227,R08,P01,CT02,79680,17,0,H032,N
556538,20150209,R04,P01,CT01,61740,14,0,H029,N
669501,20150219,R08,P03,CT04,6400,55,1,H020,N
963761,20150112,R04,P01,CT01,60600,39,1,H036,N
753005,20150207,R08,P01,CT02,56320,14,0,H006,N
454758,20150113,R09,P01,CT01,52250,26,0,H023,N
698589,20150118,R03,P01,CT02,53900,26,0,H011,N
330119,20150115,R03,P02,CT03,2640,20,0,H043,N
164464,20150223,R11,P02,CT03,8970,36,1,H013,N
927354,20150217,R02,P03,CT04,6000,39,1,H011,N
231508,20150217,R10,P01,CT02,55200,33,1,H004,Y
272910,20150118,R03,P03,CT04,7260,42,1,H005,N
305758,20150117,R03,P01,CT02,64680,9,0,H039,N
950542,20150225,R05,P01,CT01,59200,26,0,H049,N
291544,20150106,R05,P02,CT03,4700,17,0,H045,N
388616,20150226,R02,P01,CT01,69400,5,0,H038,N
577992,20150211,R12,P01,CT01,40500,51,1,H022,N
342830,20150213,R10,P01,CT02,60000,51,1,H005,N
491170,20150110,R06,P01,CT01,67320,57,1,H019,N
175553,20150124,R05,P01,CT02,75690,44,1,H004,N
439341,20150215,R06,P01,CT02,64300,44,1,H005,Y
221186,20150109,R01,P01,CT02,64400,10,0,H036,N
868031,20150131,R05,P01,CT02,97080,20,0,H049,N
844117,20150204,R09,P02,CT03,5500,19,0,H002,N
744557,20150130,R12,P01,CT02,30700,37,1,H031,N
159536,20150227,R10,P01,CT01,33480,35,1,H029,N
727109,20150205,R02,P01,CT02,65430,45,1,H005,N
155604,20150130,R01,P01,CT02,42680,50,1,H008,Y
608443,20150103,R10,P01,CT01,87780,45,1,H039,N
117862,20150301,R11,P01,CT02,72800,18,0,H047,N
991553,20150213,R09,P01,CT01,71190,18,0,H035,Y
727443,20150225,R10,P02,CT03,3600,42,1,H035,N
378587,20150123,R09,P01,CT01,62640,57,1,H031,N
420948,20150219,R09,P01,CT02,69630,42,1,H047,N
457188,20150208,R06,P01,CT02,76010,20,0,H034,Y
118236,20150204,R08,P01,CT01,44220,41,1,H039,N
987524,20150222,R11,P01,CT02,57200,7,0,H023,N
490596,20150114,R01,P02,CT03,3080,8,0,H050,N
524215,20150106,R10,P01,CT01,75790,39,1,H050,N
913464,20150119,R04,P01,CT02,32670,35,1,H016,N
398484,20150124,R01,P02,CT03,3870,17,0,H049,N
752504,20150127,R08,P01,CT01,91520,7,0,H042,Y
449263,20150113,R01,P01,CT01,74690,55,1,H001,Y
844007,20150115,R03,P02,CT03,4620,29,0,H045,N
686522,20150204,R04,P01,CT01,55000,59,1,H011,Y
670142,20150104,R08,P01,CT02,59400,14,0,H018,Y
607687,20150114,R06,P01,CT02,55260,35,1,H015,N
967713,20150127,R10,P01,CT02,51400,50,1,H021,N
291902,20150212,R12,P01,CT02,48780,60,1,H030,N
149839,20150203,R07,P01,CT02,52380,24,0,H042,N
840225,20150126,R08,P01,CT02,74360,59,1,H042,Y
643226,20150109,R02,P01,CT01,53400,23,0,H035,N
535879,20150217,R10,P01,CT01,71800,40,1,H014,N
746630,20150116,R11,P01,CT01,68240,53,1,H008,Y
598308,20150112,R08,P01,CT02,61050,21,0,H030,Y
720356,20150103,R03,P03,CT04,5590,11,0,H042,N
724752,20150122,R07,P01,CT02,46860,46,1,H045,N
148498,20150113,R03,P03,CT04,4290,60,1,H011,N
110122,20150131,R07,P01,CT02,78500,58,1,H016,N
281388,20150204,R11,P01,CT01,70830,50,1,H040,N
728600,20150120,R12,P01,CT02,68040,10,0,H047,N
231548,20150207,R02,P01,CT01,63600,34,1,H032,Y
531160,20150205,R10,P01,CT01,43560,12,0,H001,N
889003,20150102,R06,P01,CT01,60840,55,1,H013,N
193213,20150208,R03,P01,CT02,68160,46,1,H034,N
557218,20150113,R03,P03,CT04,5170,50,1,H024,N
125591,20150116,R09,P01,CT01,57700,32,1,H019,N
227244,20150130,R07,P01,CT02,89520,38,1,H007,N
791425,20150226,R05,P02,CT03,4620,28,0,H005,N
354455,20150127,R12,P01,CT01,45180,5,0,H020,N
601042,20150128,R10,P01,CT01,45100,42,1,H027,N
433663,20150223,R07,P01,CT02,83160,20,0,H017,N
471938,20150118,R09,P01,CT01,86130,46,1,H046,N
564654,20150215,R01,P01,CT02,48000,43,1,H007,N
645723,20150204,R07,P02,CT03,3300,34,1,H044,N
573572,20150112,R06,P01,CT02,57200,12,0,H049,N
437960,20150102,R10,P02,CT03,7590,46,1,H041,N
649800,20150127,R12,P01,CT01,80080,11,0,H049,N
544225,20150209,R09,P02,CT03,4800,60,1,H015,N
390256,20150206,R01,P02,CT03,3900,56,1,H011,Y
488597,20150103,R04,P01,CT01,90400,45,1,H023,N
133889,20150112,R09,P01,CT02,62900,8,0,H038,N
931901,20150122,R04,P01,CT01,54200,12,0,H040,Y
769475,20150103,R10,P01,CT02,51800,7,0,H012,N
844062,20150223,R03,P02,CT03,6600,42,1,H026,N
844129,20150122,R09,P01,CT01,74140,35,1,H038,N
732169,20150213,R02,P01,CT01,67800,34,1,H006,N
221854,20150208,R04,P01,CT01,55400,56,1,H026,Y
776950,20150109,R06,P01,CT01,49100,51,1,H028,Y
291006,20150208,R02,P01,CT02,98280,30,0,H016,Y
845751,20150110,R08,P01,CT02,66550,9,0,H035,N
889764,20150126,R08,P01,CT02,70400,33,1,H011,N
929306,20150221,R01,P01,CT02,53280,56,1,H018,Y
515457,20150123,R12,P01,CT01,84590,26,0,H034,N
556270,20150205,R03,P01,CT01,54560,17,0,H009,N
908935,20150215,R10,P01,CT01,82170,32,1,H016,N
525862,20150108,R09,P01,CT02,61100,40,1,H011,N
490514,20150101,R05,P01,CT02,51900,34,1,H039,Y
774895,20150226,R06,P03,CT04,3440,20,0,H034,N
974522,20150228,R04,P01,CT01,51390,30,0,H005,N
669809,20150113,R10,P01,CT01,76900,47,1,H020,N
182953,20150219,R02,P01,CT01,77000,52,1,H035,Y
836349,20150113,R11,P01,CT01,60320,58,1,H029,Y
591269,20150217,R08,P01,CT01,60700,58,1,H043,N
550127,20150215,R11,P01,CT02,53280,19,0,H040,N
663190,20150131,R06,P01,CT01,34290,49,1,H027,N
109392,20150206,R05,P01,CT01,46980,30,0,H043,N
215278,20150123,R09,P01,CT02,36700,34,1,H041,N
674570,20150217,R01,P01,CT02,60200,58,1,H015,N
681486,20150122,R05,P03,CT04,6480,32,1,H006,N
941851,20150222,R06,P01,CT01,87200,39,1,H045,N
186934,20150124,R05,P01,CT01,108480,49,1,H032,N
918516,20150123,R06,P01,CT02,67500,48,1,H015,N
533940,20150226,R06,P01,CT01,46980,27,0,H022,N
556080,20150226,R07,P03,CT04,5060,58,1,H035,N
